{"count":1,"self":995.0016512,"total":4642.0746825,"children":{"InitializeActuators":{"count":2,"self":0.0010011,"total":0.0010011,"children":null},"InitializeSensors":{"count":2,"self":0.0015121,"total":0.0015121,"children":null},"AgentInfo.ToProto":{"count":9840,"self":0.041446899999999995,"total":2.0404488,"children":{"GenerateSensorData":{"count":9840,"self":1.999002,"total":1.9990018999999999,"children":null}}},"AgentSendState":{"count":2500234,"self":4.7139999999999995,"total":297.86051499999996,"children":{"CollectObservations":{"count":1000094,"self":14.142851199999999,"total":14.1428506,"children":null},"WriteActionMask":{"count":1000094,"self":0.4913258,"total":0.4913258,"children":null},"RequestDecision":{"count":1000094,"self":2.912674,"total":278.5123388,"children":{"AgentInfo.ToProto":{"count":1000094,"self":3.7284175999999998,"total":275.59966479999997,"children":{"GenerateSensorData":{"count":1000094,"self":271.8712576,"total":271.8712474,"children":null}}}}}}},"DecideAction":{"count":2500234,"self":3317.0972672,"total":3317.0973437,"children":null},"AgentAct":{"count":2500234,"self":30.0696768,"total":30.0696774,"children":null}},"gauges":{"Tagger.CumulativeReward":{"count":4920,"max":224.86525,"min":-2.16118336,"runningAverage":1.0517987,"value":0.245312572,"weightedAverage":1.06666565},"Runner.CumulativeReward":{"count":4920,"max":0.998957753,"min":-225.025253,"runningAverage":-1.19861579,"value":-0.265312552,"weightedAverage":-1.14890063}},"metadata":{"timer_format_version":"0.1.0","start_time_seconds":"1767053527","unity_version":"2022.3.62f3","command_line_arguments":"C:\\Program Files\\Unity\\Hub\\Editor\\2022.3.62f3\\Editor\\Unity.exe -projectpath C:\\repos\\tagame\\TagGame -acceptSoftwareTermsForThisRunOnly -useHub -hubIPC -cloudEnvironment production -licensingIpc LicenseClient-ishiz -hubSessionId bccc6cb0-79bb-48f2-9b5c-2584f26f3f90 -accessToken IiD7xDtx3F13yYZlTuF2J5AjPHwUPcqX3LR_RZHa-ZA00ef","communication_protocol_version":"1.5.0","com.unity.ml-agents_version":"2.0.2","scene_name":"SampleScene","end_time_seconds":"1767058168"}}